category,method,path,base_url,summary,tags,deprecated,official_docs
partner-api,POST,/v1/businesses/{businessId}/goods-feedback-advertiser,https://api.partner.market.yandex.ru,Получение отзывов о товарах для рекламодателей,goods-feedback; fby; fbs; dbs; express,False,https://yandex.ru/dev/market/partner-api/doc/ru/
partner-api,POST,/v1/businesses/{businessId}/goods-questions,https://api.partner.market.yandex.ru,Получение вопросов о товарах продавца,goods-questions; fby; fbs; dbs; express,False,https://yandex.ru/dev/market/partner-api/doc/ru/
partner-api,POST,/v1/businesses/{businessId}/goods-questions/answers,https://api.partner.market.yandex.ru,Получение ответов на вопрос,goods-questions; fby; fbs; dbs; express,False,https://yandex.ru/dev/market/partner-api/doc/ru/
partner-api,POST,/v1/businesses/{businessId}/goods-questions/update,https://api.partner.market.yandex.ru,"Создание, изменение и удаление ответа или комментария",goods-questions; fby; fbs; dbs; express,False,https://yandex.ru/dev/market/partner-api/doc/ru/
partner-api,POST,/v1/businesses/{businessId}/logistics-points,https://api.partner.market.yandex.ru,Получение точек ПВЗ Маркета,logistic-points; laas,False,https://yandex.ru/dev/market/partner-api/doc/ru/
partner-api,POST,/v1/businesses/{businessId}/offer-mappings/barcodes/generate,https://api.partner.market.yandex.ru,Генерация штрихкодов,business-offer-mappings; dbs; fby; fbs; express; laas,False,https://yandex.ru/dev/market/partner-api/doc/ru/
partner-api,POST,/v1/businesses/{businessId}/offers/documents,https://api.partner.market.yandex.ru,Получение документов,documents; dbs; fby; fbs; express; laas,False,https://yandex.ru/dev/market/partner-api/doc/ru/
partner-api,POST,/v1/businesses/{businessId}/offers/documents/create,https://api.partner.market.yandex.ru,Создание документов,documents; dbs; fby; fbs; express; laas,False,https://yandex.ru/dev/market/partner-api/doc/ru/
partner-api,POST,/v1/businesses/{businessId}/offers/documents/delete,https://api.partner.market.yandex.ru,Удаление документов,documents; dbs; fby; fbs; express; laas,False,https://yandex.ru/dev/market/partner-api/doc/ru/
partner-api,POST,/v1/businesses/{businessId}/offers/documents/update,https://api.partner.market.yandex.ru,Обновление документов,documents; dbs; fby; fbs; express; laas,False,https://yandex.ru/dev/market/partner-api/doc/ru/
partner-api,POST,/v1/businesses/{businessId}/operations,https://api.partner.market.yandex.ru,Получение статусов операций,operations; laas,False,https://yandex.ru/dev/market/partner-api/doc/ru/
partner-api,POST,/v1/businesses/{businessId}/orders,https://api.partner.market.yandex.ru,Информация о заказах в кабинете,orders; fbs; dbs; fby; express; laas,False,https://yandex.ru/dev/market/partner-api/doc/ru/
partner-api,POST,/v1/businesses/{businessId}/reports/marketing-detalization/generate,https://api.partner.market.yandex.ru,Отчет по счету маркетинга,reports; fby; dbs; fbs; express; laas,False,https://yandex.ru/dev/market/partner-api/doc/ru/
partner-api,POST,/v1/businesses/{businessId}/returns/decisions,https://api.partner.market.yandex.ru,Получение возможных решений по возврату,returns; dbs; fbs; express; fby,False,https://yandex.ru/dev/market/partner-api/doc/ru/
partner-api,POST,/v1/campaigns/{campaignId}/delivery-options,https://api.partner.market.yandex.ru,Получение доступных вариантов доставки заказов,delivery-options; laas,False,https://yandex.ru/dev/market/partner-api/doc/ru/
partner-api,POST,/v1/campaigns/{campaignId}/orders/create,https://api.partner.market.yandex.ru,Создание заказа,orders; laas,False,https://yandex.ru/dev/market/partner-api/doc/ru/
partner-api,POST,/v1/campaigns/{campaignId}/orders/update,https://api.partner.market.yandex.ru,Изменение заказа,orders; laas,False,https://yandex.ru/dev/market/partner-api/doc/ru/
partner-api,POST,/v1/campaigns/{campaignId}/orders/update-options,https://api.partner.market.yandex.ru,Получение временных интервалов для изменения заказа,orders; laas,False,https://yandex.ru/dev/market/partner-api/doc/ru/
partner-api,POST,/v1/campaigns/{campaignId}/return-delivery-options,https://api.partner.market.yandex.ru,Получение подходящих для возврата пунктов выдачи,delivery-options; laas,False,https://yandex.ru/dev/market/partner-api/doc/ru/
partner-api,POST,/v1/campaigns/{campaignId}/returns/cancel,https://api.partner.market.yandex.ru,Отмена возврата,returns; laas,False,https://yandex.ru/dev/market/partner-api/doc/ru/
partner-api,POST,/v1/campaigns/{campaignId}/returns/create,https://api.partner.market.yandex.ru,Создание возврата,returns; laas,False,https://yandex.ru/dev/market/partner-api/doc/ru/
partner-api,POST,/v1/reports/documents/barcodes/generate,https://api.partner.market.yandex.ru,Получение файла со штрихкодами,reports; fby; laas,False,https://yandex.ru/dev/market/partner-api/doc/ru/
partner-api,POST,/v2/auth/token,https://api.partner.market.yandex.ru,Получение информации о токене авторизации,auth; fby; fbs; dbs; express; laas,False,https://yandex.ru/dev/market/partner-api/doc/ru/
partner-api,PUT,/v2/businesses/{businessId}/bids,https://api.partner.market.yandex.ru,Включение буста продаж и установка ставок,bids; dbs; fbs; fby; express,False,https://yandex.ru/dev/market/partner-api/doc/ru/
partner-api,POST,/v2/businesses/{businessId}/bids/info,https://api.partner.market.yandex.ru,Информация об установленных ставках,bids; dbs; fbs; fby; express,False,https://yandex.ru/dev/market/partner-api/doc/ru/
partner-api,POST,/v2/businesses/{businessId}/bids/recommendations,https://api.partner.market.yandex.ru,Рекомендованные ставки для заданных товаров,bids; dbs; fbs; fby; express,False,https://yandex.ru/dev/market/partner-api/doc/ru/
partner-api,GET,/v2/businesses/{businessId}/chat,https://api.partner.market.yandex.ru,Получение чата по идентификатору,chats; dbs; fbs; fby; express,False,https://yandex.ru/dev/market/partner-api/doc/ru/
partner-api,POST,/v2/businesses/{businessId}/chats,https://api.partner.market.yandex.ru,Получение доступных чатов,chats; dbs; fbs; fby; express,False,https://yandex.ru/dev/market/partner-api/doc/ru/
partner-api,POST,/v2/businesses/{businessId}/chats/file/send,https://api.partner.market.yandex.ru,Отправка файла в чат,chats; dbs; fbs; fby; express,False,https://yandex.ru/dev/market/partner-api/doc/ru/
partner-api,POST,/v2/businesses/{businessId}/chats/history,https://api.partner.market.yandex.ru,Получение истории сообщений в чате,chats; dbs; fbs; fby; express,False,https://yandex.ru/dev/market/partner-api/doc/ru/
partner-api,GET,/v2/businesses/{businessId}/chats/message,https://api.partner.market.yandex.ru,Получение сообщения в чате,chats; dbs; fbs; fby; express,False,https://yandex.ru/dev/market/partner-api/doc/ru/
partner-api,POST,/v2/businesses/{businessId}/chats/message,https://api.partner.market.yandex.ru,Отправка сообщения в чат,chats; dbs; fbs; fby; express,False,https://yandex.ru/dev/market/partner-api/doc/ru/
partner-api,POST,/v2/businesses/{businessId}/chats/new,https://api.partner.market.yandex.ru,Создание нового чата с покупателем,chats; dbs; fbs; fby; express,False,https://yandex.ru/dev/market/partner-api/doc/ru/
partner-api,POST,/v2/businesses/{businessId}/goods-feedback,https://api.partner.market.yandex.ru,Получение отзывов о товарах продавца,goods-feedback; fby; fbs; dbs; express,False,https://yandex.ru/dev/market/partner-api/doc/ru/
partner-api,POST,/v2/businesses/{businessId}/goods-feedback/comments,https://api.partner.market.yandex.ru,Получение комментариев к отзыву,goods-feedback; fby; fbs; dbs; express,False,https://yandex.ru/dev/market/partner-api/doc/ru/
partner-api,POST,/v2/businesses/{businessId}/goods-feedback/comments/delete,https://api.partner.market.yandex.ru,Удаление комментария к отзыву,goods-feedback; fby; fbs; dbs; express,False,https://yandex.ru/dev/market/partner-api/doc/ru/
partner-api,POST,/v2/businesses/{businessId}/goods-feedback/comments/update,https://api.partner.market.yandex.ru,Добавление нового или изменение созданного комментария,goods-feedback; fby; fbs; dbs; express,False,https://yandex.ru/dev/market/partner-api/doc/ru/
partner-api,POST,/v2/businesses/{businessId}/goods-feedback/skip-reaction,https://api.partner.market.yandex.ru,Пропуск реакции на отзывы,goods-feedback; fby; fbs; dbs; express,False,https://yandex.ru/dev/market/partner-api/doc/ru/
partner-api,POST,/v2/businesses/{businessId}/offer-cards,https://api.partner.market.yandex.ru,Получение информации о заполненности карточек магазина,content; dbs; fby; fbs; express; laas,False,https://yandex.ru/dev/market/partner-api/doc/ru/
partner-api,POST,/v2/businesses/{businessId}/offer-cards/update,https://api.partner.market.yandex.ru,Редактирование категорийных характеристик товара,content; dbs; fby; fbs; express; laas,False,https://yandex.ru/dev/market/partner-api/doc/ru/
partner-api,POST,/v2/businesses/{businessId}/offer-mappings,https://api.partner.market.yandex.ru,Информация о товарах в каталоге,business-offer-mappings; dbs; fby; fbs; express; laas,False,https://yandex.ru/dev/market/partner-api/doc/ru/
partner-api,POST,/v2/businesses/{businessId}/offer-mappings/archive,https://api.partner.market.yandex.ru,Добавление товаров в архив,business-offer-mappings; dbs; fby; fbs; express,False,https://yandex.ru/dev/market/partner-api/doc/ru/
partner-api,POST,/v2/businesses/{businessId}/offer-mappings/delete,https://api.partner.market.yandex.ru,Удаление товаров из каталога,business-offer-mappings; dbs; fby; fbs; express; laas,False,https://yandex.ru/dev/market/partner-api/doc/ru/
partner-api,POST,/v2/businesses/{businessId}/offer-mappings/unarchive,https://api.partner.market.yandex.ru,Удаление товаров из архива,business-offer-mappings; dbs; fby; fbs; express,False,https://yandex.ru/dev/market/partner-api/doc/ru/
partner-api,POST,/v2/businesses/{businessId}/offer-mappings/update,https://api.partner.market.yandex.ru,Добавление товаров в каталог и изменение информации о них,business-offer-mappings; dbs; fby; fbs; express; laas,False,https://yandex.ru/dev/market/partner-api/doc/ru/
partner-api,POST,/v2/businesses/{businessId}/offer-prices,https://api.partner.market.yandex.ru,Просмотр цен на указанные товары во всех магазинах,prices; fby; fbs; dbs; express; laas,False,https://yandex.ru/dev/market/partner-api/doc/ru/
partner-api,POST,/v2/businesses/{businessId}/offer-prices/updates,https://api.partner.market.yandex.ru,Установка цен на товары для всех магазинов,prices; fby; fbs; dbs; express; laas,False,https://yandex.ru/dev/market/partner-api/doc/ru/
partner-api,POST,/v2/businesses/{businessId}/offers/recommendations,https://api.partner.market.yandex.ru,"Рекомендации Маркета, касающиеся цен",offers; dbs; fby; fbs; express,False,https://yandex.ru/dev/market/partner-api/doc/ru/
partner-api,POST,/v2/businesses/{businessId}/price-quarantine,https://api.partner.market.yandex.ru,"Список товаров, находящихся в карантине по цене в кабинете",price-quarantine; dbs; fby; fbs; express,False,https://yandex.ru/dev/market/partner-api/doc/ru/
partner-api,POST,/v2/businesses/{businessId}/price-quarantine/confirm,https://api.partner.market.yandex.ru,Удаление товара из карантина по цене в кабинете,price-quarantine; dbs; fby; fbs; express,False,https://yandex.ru/dev/market/partner-api/doc/ru/
partner-api,POST,/v2/businesses/{businessId}/promos,https://api.partner.market.yandex.ru,Получение списка акций,promos; fby; fbs; dbs; express,False,https://yandex.ru/dev/market/partner-api/doc/ru/
partner-api,POST,/v2/businesses/{businessId}/promos/offers,https://api.partner.market.yandex.ru,"Получение списка товаров, которые участвуют или могут участвовать в акции",promos; fby; fbs; dbs; express,False,https://yandex.ru/dev/market/partner-api/doc/ru/
partner-api,POST,/v2/businesses/{businessId}/promos/offers/delete,https://api.partner.market.yandex.ru,Удаление товаров из акции,promos; fby; fbs; dbs; express,False,https://yandex.ru/dev/market/partner-api/doc/ru/
partner-api,POST,/v2/businesses/{businessId}/promos/offers/update,https://api.partner.market.yandex.ru,Добавление товаров в акцию или изменение их цен,promos; fby; fbs; dbs; express,False,https://yandex.ru/dev/market/partner-api/doc/ru/
partner-api,POST,/v2/businesses/{businessId}/ratings/quality,https://api.partner.market.yandex.ru,Индекс качества магазинов,ratings; fby; fbs; dbs; express,False,https://yandex.ru/dev/market/partner-api/doc/ru/
partner-api,POST,/v2/businesses/{businessId}/settings,https://api.partner.market.yandex.ru,Настройки кабинета,businesses; dbs; fbs; fby; express; laas,False,https://yandex.ru/dev/market/partner-api/doc/ru/
partner-api,GET,/v2/businesses/{businessId}/warehouses,https://api.partner.market.yandex.ru,Список складов и групп складов,warehouses; fbs; dbs; express,True,https://yandex.ru/dev/market/partner-api/doc/ru/
partner-api,POST,/v2/businesses/{businessId}/warehouses,https://api.partner.market.yandex.ru,Список складов,warehouses; fbs; dbs; express,False,https://yandex.ru/dev/market/partner-api/doc/ru/
partner-api,GET,/v2/campaigns,https://api.partner.market.yandex.ru,Список магазинов пользователя,campaigns; dbs; express; fbs; fby; laas,False,https://yandex.ru/dev/market/partner-api/doc/ru/
partner-api,GET,/v2/campaigns/{campaignId},https://api.partner.market.yandex.ru,Информация о магазине,campaigns; dbs; express; fbs; fby; laas,False,https://yandex.ru/dev/market/partner-api/doc/ru/
partner-api,PUT,/v2/campaigns/{campaignId}/bids,https://api.partner.market.yandex.ru,Включение буста продаж и установка ставок для магазина,bids; dbs; fbs; express; fby,False,https://yandex.ru/dev/market/partner-api/doc/ru/
partner-api,PUT,/v2/campaigns/{campaignId}/first-mile/shipments,https://api.partner.market.yandex.ru,Получение информации о нескольких отгрузках,shipments; fbs,False,https://yandex.ru/dev/market/partner-api/doc/ru/
partner-api,GET,/v2/campaigns/{campaignId}/first-mile/shipments/{shipmentId},https://api.partner.market.yandex.ru,Получение информации об одной отгрузке,shipments; fbs,False,https://yandex.ru/dev/market/partner-api/doc/ru/
partner-api,GET,/v2/campaigns/{campaignId}/first-mile/shipments/{shipmentId}/act,https://api.partner.market.yandex.ru,Получение акта приема-передачи,shipments; fbs,False,https://yandex.ru/dev/market/partner-api/doc/ru/
partner-api,POST,/v2/campaigns/{campaignId}/first-mile/shipments/{shipmentId}/confirm,https://api.partner.market.yandex.ru,Подтверждение отгрузки,shipments; fbs,False,https://yandex.ru/dev/market/partner-api/doc/ru/
partner-api,GET,/v2/campaigns/{campaignId}/first-mile/shipments/{shipmentId}/discrepancy-act,https://api.partner.market.yandex.ru,Получение акта расхождений,shipments; fbs,False,https://yandex.ru/dev/market/partner-api/doc/ru/
partner-api,GET,/v2/campaigns/{campaignId}/first-mile/shipments/{shipmentId}/inbound-act,https://api.partner.market.yandex.ru,Получение фактического акта приема-передачи,shipments; fbs,False,https://yandex.ru/dev/market/partner-api/doc/ru/
partner-api,GET,/v2/campaigns/{campaignId}/first-mile/shipments/{shipmentId}/orders/info,https://api.partner.market.yandex.ru,Получение информации о возможности печати ярлыков,shipments; fbs,False,https://yandex.ru/dev/market/partner-api/doc/ru/
partner-api,POST,/v2/campaigns/{campaignId}/first-mile/shipments/{shipmentId}/orders/transfer,https://api.partner.market.yandex.ru,Перенос заказов в следующую отгрузку,shipments; fbs,False,https://yandex.ru/dev/market/partner-api/doc/ru/
partner-api,GET,/v2/campaigns/{campaignId}/first-mile/shipments/{shipmentId}/pallet/labels,https://api.partner.market.yandex.ru,Ярлыки для доверительной приемки,shipments; fbs,False,https://yandex.ru/dev/market/partner-api/doc/ru/
partner-api,PUT,/v2/campaigns/{campaignId}/first-mile/shipments/{shipmentId}/pallets,https://api.partner.market.yandex.ru,Передача количества упаковок для доверительной приемки,shipments; fbs,False,https://yandex.ru/dev/market/partner-api/doc/ru/
partner-api,GET,/v2/campaigns/{campaignId}/first-mile/shipments/{shipmentId}/transportation-waybill,https://api.partner.market.yandex.ru,Получение транспортной накладной,shipments; fbs,False,https://yandex.ru/dev/market/partner-api/doc/ru/
partner-api,GET,/v2/campaigns/{campaignId}/hidden-offers,https://api.partner.market.yandex.ru,Информация о скрытых вами товарах,hidden-offers; fby; fbs; dbs; express,False,https://yandex.ru/dev/market/partner-api/doc/ru/
partner-api,POST,/v2/campaigns/{campaignId}/hidden-offers,https://api.partner.market.yandex.ru,Скрытие товаров и настройки скрытия,hidden-offers; fby; fbs; dbs; express,False,https://yandex.ru/dev/market/partner-api/doc/ru/
partner-api,POST,/v2/campaigns/{campaignId}/hidden-offers/delete,https://api.partner.market.yandex.ru,Возобновление показа товаров,hidden-offers; fby; fbs; dbs; express,False,https://yandex.ru/dev/market/partner-api/doc/ru/
partner-api,GET,/v2/campaigns/{campaignId}/offer-prices,https://api.partner.market.yandex.ru,Список цен,prices; fby; fbs; dbs; express,True,https://yandex.ru/dev/market/partner-api/doc/ru/
partner-api,POST,/v2/campaigns/{campaignId}/offer-prices,https://api.partner.market.yandex.ru,Просмотр цен на указанные товары в конкретном магазине,prices; fby; fbs; dbs; express; laas,False,https://yandex.ru/dev/market/partner-api/doc/ru/
partner-api,POST,/v2/campaigns/{campaignId}/offer-prices/updates,https://api.partner.market.yandex.ru,Установка цен на товары в конкретном магазине,prices; fby; fbs; dbs; express; laas,False,https://yandex.ru/dev/market/partner-api/doc/ru/
partner-api,POST,/v2/campaigns/{campaignId}/offers,https://api.partner.market.yandex.ru,"Информация о товарах, которые размещены в заданном магазине",offers; dbs; fby; fbs; express; laas,False,https://yandex.ru/dev/market/partner-api/doc/ru/
partner-api,POST,/v2/campaigns/{campaignId}/offers/delete,https://api.partner.market.yandex.ru,Удаление товаров из ассортимента магазина,offers; dbs; fby; fbs; express; laas,False,https://yandex.ru/dev/market/partner-api/doc/ru/
partner-api,POST,/v2/campaigns/{campaignId}/offers/stocks,https://api.partner.market.yandex.ru,Информация об остатках и оборачиваемости,stocks; fby; fbs; dbs; express; laas,False,https://yandex.ru/dev/market/partner-api/doc/ru/
partner-api,PUT,/v2/campaigns/{campaignId}/offers/stocks,https://api.partner.market.yandex.ru,Передача информации об остатках,stocks; fbs; dbs; express,False,https://yandex.ru/dev/market/partner-api/doc/ru/
partner-api,POST,/v2/campaigns/{campaignId}/offers/update,https://api.partner.market.yandex.ru,Изменение условий продажи товаров в магазине,offers; dbs; fby; fbs; express; laas,False,https://yandex.ru/dev/market/partner-api/doc/ru/
partner-api,GET,/v2/campaigns/{campaignId}/orders,https://api.partner.market.yandex.ru,Информация о заказах в магазине,orders; fbs; dbs; fby; express; laas,True,https://yandex.ru/dev/market/partner-api/doc/ru/
partner-api,POST,/v2/campaigns/{campaignId}/orders/status-update,https://api.partner.market.yandex.ru,Изменение статусов нескольких заказов,orders; fbs; dbs; laas; express,False,https://yandex.ru/dev/market/partner-api/doc/ru/
partner-api,GET,/v2/campaigns/{campaignId}/orders/{orderId},https://api.partner.market.yandex.ru,Информация об одном заказе в магазине,orders; fby; fbs; dbs; express; laas,True,https://yandex.ru/dev/market/partner-api/doc/ru/
partner-api,PUT,/v2/campaigns/{campaignId}/orders/{orderId}/boxes,https://api.partner.market.yandex.ru,Подготовка заказа,orders; fbs; express; dbs,False,https://yandex.ru/dev/market/partner-api/doc/ru/
partner-api,POST,/v2/campaigns/{campaignId}/orders/{orderId}/business-buyer,https://api.partner.market.yandex.ru,Информация о покупателе — юридическом лице,order-business-information; fbs; fby; dbs; express,False,https://yandex.ru/dev/market/partner-api/doc/ru/
partner-api,GET,/v2/campaigns/{campaignId}/orders/{orderId}/buyer,https://api.partner.market.yandex.ru,Информация о покупателе — физическом лице,order-delivery; dbs,False,https://yandex.ru/dev/market/partner-api/doc/ru/
partner-api,PUT,/v2/campaigns/{campaignId}/orders/{orderId}/cancellation/accept,https://api.partner.market.yandex.ru,Отмена заказа покупателем,orders; dbs,False,https://yandex.ru/dev/market/partner-api/doc/ru/
partner-api,POST,/v2/campaigns/{campaignId}/orders/{orderId}/deliverDigitalGoods,https://api.partner.market.yandex.ru,Передача ключей цифровых товаров,orders; dbs,False,https://yandex.ru/dev/market/partner-api/doc/ru/
partner-api,PUT,/v2/campaigns/{campaignId}/orders/{orderId}/delivery/date,https://api.partner.market.yandex.ru,Изменение даты доставки заказа,order-delivery; dbs,False,https://yandex.ru/dev/market/partner-api/doc/ru/
partner-api,GET,/v2/campaigns/{campaignId}/orders/{orderId}/delivery/labels,https://api.partner.market.yandex.ru,Готовые ярлыки‑наклейки на все коробки в одном заказе,order-labels; fbs; dbs; express,False,https://yandex.ru/dev/market/partner-api/doc/ru/
partner-api,GET,/v2/campaigns/{campaignId}/orders/{orderId}/delivery/labels/data,https://api.partner.market.yandex.ru,Данные для самостоятельного изготовления ярлыков,order-labels; fbs; dbs; express,False,https://yandex.ru/dev/market/partner-api/doc/ru/
partner-api,PUT,/v2/campaigns/{campaignId}/orders/{orderId}/delivery/shipments/{shipmentId}/boxes,https://api.partner.market.yandex.ru,Передача количества грузовых мест в заказе,orders; dbs,True,https://yandex.ru/dev/market/partner-api/doc/ru/
partner-api,GET,/v2/campaigns/{campaignId}/orders/{orderId}/delivery/shipments/{shipmentId}/boxes/{boxId}/label,https://api.partner.market.yandex.ru,Готовый ярлык‑наклейка для коробки в заказе,order-labels; fbs; dbs; express,False,https://yandex.ru/dev/market/partner-api/doc/ru/
partner-api,PUT,/v2/campaigns/{campaignId}/orders/{orderId}/delivery/storage-limit,https://api.partner.market.yandex.ru,Продление срока хранения заказа,order-delivery; dbs,False,https://yandex.ru/dev/market/partner-api/doc/ru/
partner-api,POST,/v2/campaigns/{campaignId}/orders/{orderId}/delivery/track,https://api.partner.market.yandex.ru,Передача трек‑номера посылки,order-delivery; dbs,False,https://yandex.ru/dev/market/partner-api/doc/ru/
partner-api,POST,/v2/campaigns/{campaignId}/orders/{orderId}/documents,https://api.partner.market.yandex.ru,Информация о документах,order-business-information; fbs; fby; dbs; express,False,https://yandex.ru/dev/market/partner-api/doc/ru/
partner-api,POST,/v2/campaigns/{campaignId}/orders/{orderId}/external-id,https://api.partner.market.yandex.ru,Передача внешнего идентификатора заказа,orders; fbs; dbs; express,False,https://yandex.ru/dev/market/partner-api/doc/ru/
partner-api,PUT,/v2/campaigns/{campaignId}/orders/{orderId}/identifiers,https://api.partner.market.yandex.ru,Передача кодов маркировки единиц товара,orders; dbs,False,https://yandex.ru/dev/market/partner-api/doc/ru/
partner-api,POST,/v2/campaigns/{campaignId}/orders/{orderId}/identifiers/status,https://api.partner.market.yandex.ru,Статусы проверки кодов маркировки,orders; fbs; express; laas,False,https://yandex.ru/dev/market/partner-api/doc/ru/
partner-api,PUT,/v2/campaigns/{campaignId}/orders/{orderId}/items,https://api.partner.market.yandex.ru,Удаление товаров из заказа или уменьшение их числа,orders; dbs,False,https://yandex.ru/dev/market/partner-api/doc/ru/
partner-api,GET,/v2/campaigns/{campaignId}/orders/{orderId}/returns/{returnId},https://api.partner.market.yandex.ru,Информация о невыкупе или возврате,returns; fbs; dbs; express; fby; laas,False,https://yandex.ru/dev/market/partner-api/doc/ru/
partner-api,GET,/v2/campaigns/{campaignId}/orders/{orderId}/returns/{returnId}/application,https://api.partner.market.yandex.ru,Получение заявления на возврат,returns; fbs; fby; dbs; express,False,https://yandex.ru/dev/market/partner-api/doc/ru/
partner-api,POST,/v2/campaigns/{campaignId}/orders/{orderId}/returns/{returnId}/decision,https://api.partner.market.yandex.ru,Принятие или изменение решения по возврату,returns; dbs,True,https://yandex.ru/dev/market/partner-api/doc/ru/
partner-api,POST,/v2/campaigns/{campaignId}/orders/{orderId}/returns/{returnId}/decision/submit,https://api.partner.market.yandex.ru,Передача решения по возврату,returns; dbs; fbs; express; fby,False,https://yandex.ru/dev/market/partner-api/doc/ru/
partner-api,GET,/v2/campaigns/{campaignId}/orders/{orderId}/returns/{returnId}/decision/{itemId}/image/{imageHash},https://api.partner.market.yandex.ru,Получение фотографий товаров в возврате,returns; fbs; dbs; express; fby,False,https://yandex.ru/dev/market/partner-api/doc/ru/
partner-api,PUT,/v2/campaigns/{campaignId}/orders/{orderId}/status,https://api.partner.market.yandex.ru,Изменение статуса одного заказа,orders; fbs; dbs; laas; express,False,https://yandex.ru/dev/market/partner-api/doc/ru/
partner-api,PUT,/v2/campaigns/{campaignId}/orders/{orderId}/verifyEac,https://api.partner.market.yandex.ru,Передача кода подтверждения,order-delivery; express,False,https://yandex.ru/dev/market/partner-api/doc/ru/
partner-api,GET,/v2/campaigns/{campaignId}/outlets,https://api.partner.market.yandex.ru,Информация о нескольких точках продаж,outlets; dbs,False,https://yandex.ru/dev/market/partner-api/doc/ru/
partner-api,POST,/v2/campaigns/{campaignId}/outlets,https://api.partner.market.yandex.ru,Создание точки продаж,outlets; dbs,False,https://yandex.ru/dev/market/partner-api/doc/ru/
partner-api,DELETE,/v2/campaigns/{campaignId}/outlets/licenses,https://api.partner.market.yandex.ru,Удаление лицензий для точек продаж,outlet-licenses; dbs,False,https://yandex.ru/dev/market/partner-api/doc/ru/
partner-api,GET,/v2/campaigns/{campaignId}/outlets/licenses,https://api.partner.market.yandex.ru,Информация о лицензиях для точек продаж,outlet-licenses; dbs,False,https://yandex.ru/dev/market/partner-api/doc/ru/
partner-api,POST,/v2/campaigns/{campaignId}/outlets/licenses,https://api.partner.market.yandex.ru,Создание и изменение лицензий для точек продаж,outlet-licenses; dbs,False,https://yandex.ru/dev/market/partner-api/doc/ru/
partner-api,DELETE,/v2/campaigns/{campaignId}/outlets/{outletId},https://api.partner.market.yandex.ru,Удаление точки продаж,outlets; dbs,False,https://yandex.ru/dev/market/partner-api/doc/ru/
partner-api,GET,/v2/campaigns/{campaignId}/outlets/{outletId},https://api.partner.market.yandex.ru,Информация об одной точке продаж,outlets; dbs,False,https://yandex.ru/dev/market/partner-api/doc/ru/
partner-api,PUT,/v2/campaigns/{campaignId}/outlets/{outletId},https://api.partner.market.yandex.ru,Изменение информации о точке продаж,outlets; dbs,False,https://yandex.ru/dev/market/partner-api/doc/ru/
partner-api,POST,/v2/campaigns/{campaignId}/price-quarantine,https://api.partner.market.yandex.ru,"Список товаров, находящихся в карантине по цене в магазине",price-quarantine; dbs; fby; fbs; express,False,https://yandex.ru/dev/market/partner-api/doc/ru/
partner-api,POST,/v2/campaigns/{campaignId}/price-quarantine/confirm,https://api.partner.market.yandex.ru,Удаление товара из карантина по цене в магазине,price-quarantine; dbs; fby; fbs; express,False,https://yandex.ru/dev/market/partner-api/doc/ru/
partner-api,POST,/v2/campaigns/{campaignId}/ratings/quality/details,https://api.partner.market.yandex.ru,"Заказы, которые повлияли на индекс качества",ratings; fbs; dbs; express,False,https://yandex.ru/dev/market/partner-api/doc/ru/
partner-api,GET,/v2/campaigns/{campaignId}/returns,https://api.partner.market.yandex.ru,Список невыкупов и возвратов,returns; fbs; dbs; express; fby; laas,False,https://yandex.ru/dev/market/partner-api/doc/ru/
partner-api,GET,/v2/campaigns/{campaignId}/settings,https://api.partner.market.yandex.ru,Настройки магазина,campaigns; dbs; fbs; express; fby; laas,False,https://yandex.ru/dev/market/partner-api/doc/ru/
partner-api,GET,/v2/campaigns/{campaignId}/shipments/reception-transfer-act,https://api.partner.market.yandex.ru,Подтверждение ближайшей отгрузки и получение акта приема-передачи для нее,shipments; fbs,False,https://yandex.ru/dev/market/partner-api/doc/ru/
partner-api,POST,/v2/campaigns/{campaignId}/stats/orders,https://api.partner.market.yandex.ru,Детальная информация по заказам,orders-stats; fby; fbs; dbs; express,False,https://yandex.ru/dev/market/partner-api/doc/ru/
partner-api,POST,/v2/campaigns/{campaignId}/stats/skus,https://api.partner.market.yandex.ru,Отчет по товарам,goods-stats; fby; fbs; express; dbs,False,https://yandex.ru/dev/market/partner-api/doc/ru/
partner-api,POST,/v2/campaigns/{campaignId}/supply-requests,https://api.partner.market.yandex.ru,"Получение информации о заявках на поставку, вывоз и утилизацию",supply-requests; fby; laas,False,https://yandex.ru/dev/market/partner-api/doc/ru/
partner-api,POST,/v2/campaigns/{campaignId}/supply-requests/documents,https://api.partner.market.yandex.ru,"Получение документов по заявке на поставку, вывоз или утилизацию",supply-requests; fby; laas,False,https://yandex.ru/dev/market/partner-api/doc/ru/
partner-api,POST,/v2/campaigns/{campaignId}/supply-requests/items,https://api.partner.market.yandex.ru,"Получение товаров в заявке на поставку, вывоз или утилизацию",supply-requests; fby; laas,False,https://yandex.ru/dev/market/partner-api/doc/ru/
partner-api,POST,/v2/campaigns/{campaignId}/warehouse/status,https://api.partner.market.yandex.ru,Изменение статуса склада,warehouses; fbs; dbs; express,True,https://yandex.ru/dev/market/partner-api/doc/ru/
partner-api,POST,/v2/categories/max-sale-quantum,https://api.partner.market.yandex.ru,Лимит на установку кванта продажи и минимального количества товаров в заказе,categories; fby; fbs; dbs; express,True,https://yandex.ru/dev/market/partner-api/doc/ru/
partner-api,POST,/v2/categories/tree,https://api.partner.market.yandex.ru,Дерево категорий,categories; fby; fbs; dbs; express; laas,False,https://yandex.ru/dev/market/partner-api/doc/ru/
partner-api,POST,/v2/category/{categoryId}/parameters,https://api.partner.market.yandex.ru,Списки характеристик товаров по категориям,content; dbs; fby; fbs; express; laas,False,https://yandex.ru/dev/market/partner-api/doc/ru/
partner-api,GET,/v2/delivery/services,https://api.partner.market.yandex.ru,Справочник служб доставки,delivery-services; fbs; dbs; express,False,https://yandex.ru/dev/market/partner-api/doc/ru/
partner-api,GET,/v2/regions,https://api.partner.market.yandex.ru,Поиск регионов по их имени,regions; fby; fbs; dbs; express; laas,False,https://yandex.ru/dev/market/partner-api/doc/ru/
partner-api,POST,/v2/regions/countries,https://api.partner.market.yandex.ru,Список допустимых кодов стран,regions; fby; fbs; dbs; express; laas,False,https://yandex.ru/dev/market/partner-api/doc/ru/
partner-api,GET,/v2/regions/{regionId},https://api.partner.market.yandex.ru,Информация о регионе,regions; fby; fbs; dbs; express; laas,False,https://yandex.ru/dev/market/partner-api/doc/ru/
partner-api,GET,/v2/regions/{regionId}/children,https://api.partner.market.yandex.ru,Информация о дочерних регионах,regions; fby; fbs; dbs; express; laas,False,https://yandex.ru/dev/market/partner-api/doc/ru/
partner-api,POST,/v2/reports/banners-statistics/generate,https://api.partner.market.yandex.ru,Отчет по охватному продвижению,reports; fby; fbs; dbs; express,False,https://yandex.ru/dev/market/partner-api/doc/ru/
partner-api,POST,/v2/reports/boost-consolidated/generate,https://api.partner.market.yandex.ru,Отчет по бусту продаж,reports; fby; fbs; dbs; express,False,https://yandex.ru/dev/market/partner-api/doc/ru/
partner-api,POST,/v2/reports/closure-documents/detalization/generate,https://api.partner.market.yandex.ru,Отчет по схождению с закрывающими документами,reports; fby; dbs; fbs; express; laas,False,https://yandex.ru/dev/market/partner-api/doc/ru/
partner-api,POST,/v2/reports/closure-documents/generate,https://api.partner.market.yandex.ru,Закрывающие документы,reports; fby; dbs; fbs; express; laas,False,https://yandex.ru/dev/market/partner-api/doc/ru/
partner-api,POST,/v2/reports/competitors-position/generate,https://api.partner.market.yandex.ru,Отчет «Конкурентная позиция»,reports; fby; dbs; fbs; express,False,https://yandex.ru/dev/market/partner-api/doc/ru/
partner-api,POST,/v2/reports/documents/labels/generate,https://api.partner.market.yandex.ru,Готовые ярлыки‑наклейки на все коробки в нескольких заказах,reports; fbs; dbs; express,False,https://yandex.ru/dev/market/partner-api/doc/ru/
partner-api,POST,/v2/reports/documents/shipment-list/generate,https://api.partner.market.yandex.ru,Получение листа сборки,reports; fbs,False,https://yandex.ru/dev/market/partner-api/doc/ru/
partner-api,POST,/v2/reports/goods-feedback/generate,https://api.partner.market.yandex.ru,Отчет по отзывам о товарах,reports; fby; fbs; dbs; express,False,https://yandex.ru/dev/market/partner-api/doc/ru/
partner-api,POST,/v2/reports/goods-movement/generate,https://api.partner.market.yandex.ru,Отчет по движению товаров,reports; fby; laas,False,https://yandex.ru/dev/market/partner-api/doc/ru/
partner-api,POST,/v2/reports/goods-prices/generate,https://api.partner.market.yandex.ru,Отчет «Цены»,reports; fby; fbs; dbs; express,False,https://yandex.ru/dev/market/partner-api/doc/ru/
partner-api,POST,/v2/reports/goods-realization/generate,https://api.partner.market.yandex.ru,Отчет по реализации,reports; fby; fbs; express; dbs,False,https://yandex.ru/dev/market/partner-api/doc/ru/
partner-api,POST,/v2/reports/goods-turnover/generate,https://api.partner.market.yandex.ru,Отчет по оборачиваемости,reports; fby,False,https://yandex.ru/dev/market/partner-api/doc/ru/
partner-api,GET,/v2/reports/info/{reportId},https://api.partner.market.yandex.ru,Получение заданного отчета или документа,reports; fby; dbs; fbs; express; laas,False,https://yandex.ru/dev/market/partner-api/doc/ru/
partner-api,POST,/v2/reports/jewelry-fiscal/generate,https://api.partner.market.yandex.ru,Отчет по заказам с ювелирными изделиями,reports; fby; fbs; dbs; express,False,https://yandex.ru/dev/market/partner-api/doc/ru/
partner-api,POST,/v2/reports/key-indicators/generate,https://api.partner.market.yandex.ru,Отчет по ключевым показателям,reports; fby; fbs; dbs; express,False,https://yandex.ru/dev/market/partner-api/doc/ru/
partner-api,POST,/v2/reports/sales-geography/generate,https://api.partner.market.yandex.ru,Отчет по географии продаж,reports; fby; fbs; dbs; express,False,https://yandex.ru/dev/market/partner-api/doc/ru/
partner-api,POST,/v2/reports/shelf-statistics/generate,https://api.partner.market.yandex.ru,Отчет по полкам,reports; fby; fbs; dbs; express,False,https://yandex.ru/dev/market/partner-api/doc/ru/
partner-api,POST,/v2/reports/shows-boost/generate,https://api.partner.market.yandex.ru,Отчет по бусту показов,reports; fby; fbs; dbs; express,False,https://yandex.ru/dev/market/partner-api/doc/ru/
partner-api,POST,/v2/reports/shows-sales/generate,https://api.partner.market.yandex.ru,Отчет «Аналитика продаж»,reports; fby; dbs; fbs; express,False,https://yandex.ru/dev/market/partner-api/doc/ru/
partner-api,POST,/v2/reports/stocks-on-warehouses/generate,https://api.partner.market.yandex.ru,Отчет по остаткам на складах,reports; fby; fbs; dbs; express; laas,False,https://yandex.ru/dev/market/partner-api/doc/ru/
partner-api,POST,/v2/reports/united-marketplace-services/generate,https://api.partner.market.yandex.ru,Отчет по стоимости услуг,reports; fby; dbs; fbs; express; laas,False,https://yandex.ru/dev/market/partner-api/doc/ru/
partner-api,POST,/v2/reports/united-netting/generate,https://api.partner.market.yandex.ru,Отчет по платежам,reports; fby; dbs; fbs; express,False,https://yandex.ru/dev/market/partner-api/doc/ru/
partner-api,POST,/v2/reports/united-orders/generate,https://api.partner.market.yandex.ru,Отчет по заказам,reports; fby; fbs; dbs; express,False,https://yandex.ru/dev/market/partner-api/doc/ru/
partner-api,POST,/v2/reports/united-returns/generate,https://api.partner.market.yandex.ru,Отчет по невыкупам и возвратам,reports; fby; fbs; dbs; express; laas,False,https://yandex.ru/dev/market/partner-api/doc/ru/
partner-api,POST,/v2/tariffs/calculate,https://api.partner.market.yandex.ru,Калькулятор стоимости услуг,tariffs; fbs; fby; dbs; express,False,https://yandex.ru/dev/market/partner-api/doc/ru/
partner-api,GET,/v2/warehouses,https://api.partner.market.yandex.ru,Идентификаторы фулфилмент-складов Маркета,warehouses; fby; laas,False,https://yandex.ru/dev/market/partner-api/doc/ru/
partner-api,POST,/v3/businesses/{businessId}/offers/stocks,https://api.partner.market.yandex.ru,Информация об остатках,stocks; fbs; dbs; express,False,https://yandex.ru/dev/market/partner-api/doc/ru/
partner-api,POST,/v3/businesses/{businessId}/offers/stocks/update,https://api.partner.market.yandex.ru,Передача информации об остатках,stocks; fbs; dbs; express,False,https://yandex.ru/dev/market/partner-api/doc/ru/
partner-api,POST,/v3/businesses/{businessId}/reports/stocks/generate,https://api.partner.market.yandex.ru,Отчет по остаткам на складах партнера,reports; fbs; dbs; express,False,https://yandex.ru/dev/market/partner-api/doc/ru/
partner-api,POST,/v3/businesses/{businessId}/warehouse/models/status,https://api.partner.market.yandex.ru,Включение/выключение модели работы склада,warehouses; fbs; dbs; express,False,https://yandex.ru/dev/market/partner-api/doc/ru/
partner-api,POST,/v3/businesses/{businessId}/warehouses,https://api.partner.market.yandex.ru,Список складов,warehouses; fbs; dbs; express,False,https://yandex.ru/dev/market/partner-api/doc/ru/
